yago,"http://yago-knowledge.org/resource/"
rdf,"http://www.w3.org/1999/02/22-rdf-syntax-ns#"
foaf,"http://xmlns.com/foaf/0.1/"
dbp,"http://dbpedia.org/property/"
dc,"http://purl.org/dc/elements/1.1/"
owl,"http://www.w3.org/2002/07/owl#"
rdfs,"http://www.w3.org/2000/01/rdf-schema#"
ont,"http://purl.org/net/ns/ontology-annot#"
dbo,"http://dbpedia.org/ontology/"
onto,"http://www.ontotext.com/"
skos,"http://www.w3.org/2004/02/skos/core#"
geo,"http://www.w3.org/2003/01/geo/wgs84_pos#"
rss,"http://purl.org/rss/1.0/"
gldp,"http://www.w3.org/ns/people#"
sioc,"http://rdfs.org/sioc/ns#"
sc,"http://purl.org/science/owl/sciencecommons/"
fb,"http://rdf.freebase.com/ns/"
geonames,"http://www.geonames.org/ontology#"
xsd,"http://www.w3.org/2001/XMLSchema#"
gr,"http://purl.org/goodrelations/v1#"
dcterms,"http://purl.org/dc/terms/"
dct,"http://purl.org/dc/terms/"
dbpedia,"http://dbpedia.org/resource/"
org,"http://www.w3.org/ns/org#"
akt,"http://www.aktors.org/ontology/portal#"
commerce,"http://search.yahoo.com/searchmonkey/commerce/"
bibo,"http://purl.org/ontology/bibo/"
dbpprop,"http://dbpedia.org/property/"
qb,"http://purl.org/linked-data/cube#"
md,"http://www.w3.org/ns/md#"
void,"http://rdfs.org/ns/void#"
cyc,"http://sw.opencyc.org/concept/"
swrc,"http://swrc.ontoware.org/ontology#"
doap,"http://usefulinc.com/ns/doap#"
content,"http://purl.org/rss/1.0/modules/content/"
vcard,"http://www.w3.org/2006/vcard/ns#"
xhtml,"http://www.w3.org/1999/xhtml#"
ex,"http://example.com/"
aiiso,"http://purl.org/vocab/aiiso/schema#"
http,"http://www.w3.org/2011/http#"
pto,"http://www.productontology.org/id/"
prov,"http://www.w3.org/ns/prov#"
sd,"http://www.w3.org/ns/sparql-service-description#"
vann,"http://purl.org/vocab/vann/"
dc11,"http://purl.org/dc/elements/1.1/"
wot,"http://xmlns.com/wot/0.1/"
gen,"http://www.w3.org/2006/gen/ont#"
nie,"http://www.semanticdesktop.org/ontologies/2007/01/19/nie#"
mo,"http://purl.org/ontology/mo/"
cc,"http://creativecommons.org/ns#"
dcmit,"http://purl.org/dc/dcmitype/"
bill,"http://www.rdfabout.com/rdf/schema/usbill/"
admin,"http://webns.net/mvcb/"
d2rq,"http://www.wiwiss.fu-berlin.de/suhl/bizer/D2RQ/0.1#"
test2,"http://this.invalid/test2#"
rel,"http://purl.org/vocab/relationship/"
bio,"http://purl.org/vocab/bio/0.1/"
cv,"http://purl.org/captsolo/resume-rdf/0.2/cv#"
og,"http://opengraphprotocol.org/schema/"
event,"http://purl.org/NET/c4dm/event.owl#"
factbook,"http://wifo5-04.informatik.uni-mannheim.de/factbook/ns#"
ical,"http://www.w3.org/2002/12/cal/ical#"
air,"http://dig.csail.mit.edu/TAMI/2007/amord/air#"
ad,"http://schemas.talis.com/2005/address/schema#"
media,"http://purl.org/microformat/hmedia/"
tag,"http://www.holygoat.co.uk/owl/redwood/0.1/tags/"
book,"http://purl.org/NET/book/vocab#"
swc,"http://data.semanticweb.org/ns/swc/ontology#"
botany,"http://purl.org/NET/biol/botany#"
earl,"http://www.w3.org/ns/earl#"
log,"http://www.w3.org/2000/10/swap/log#"
dv,"http://rdf.data-vocabulary.org/#"
ctag,"http://commontag.org/ns#"
fn,"http://www.w3.org/2005/xpath-functions#"
daia,"http://purl.org/ontology/daia/"
dcq,"http://purl.org/dc/qualifiers/1.0/"
co,"http://rhizomik.net/ontologies/copyrightonto.owl#"
musim,"http://purl.org/ontology/similarity/"
cld,"http://purl.org/cld/terms/"
biblio,"http://purl.org/net/biblio#"
osag,"http://www.ordnancesurvey.co.uk/ontology/AdministrativeGeography/v2.0/AdministrativeGeography.rdf#"
days,"http://ontologi.es/days#"
dir,"http://schemas.talis.com/2005/dir/schema#"
af,"http://purl.org/ontology/af/"
cal,"http://www.w3.org/2002/12/cal/ical#"
reco,"http://purl.org/reco#"
ome,"http://purl.org/ontomedia/core/expression#"
cs,"http://purl.org/vocab/changeset/schema#"
rev,"http://purl.org/stuff/rev#"
afn,"http://jena.hpl.hp.com/ARQ/function#"
xhv,"http://www.w3.org/1999/xhtml/vocab#"
ir,"http://www.ontologydesignpatterns.org/cp/owl/informationrealization.owl#"
xfn,"http://vocab.sindice.com/xfn#"
xs,"http://www.w3.org/2001/XMLSchema#"
sism,"http://purl.oclc.org/NET/sism/0.1/"
sr,"http://www.openrdf.org/config/repository/sail#"
cfp,"http://sw.deri.org/2005/08/conf/cfp.owl#"
cmp,"http://www.ontologydesignpatterns.org/cp/owl/componency.owl#"
memo,"http://ontologies.smile.deri.ie/2009/02/27/memo#"
rdfg,"http://www.w3.org/2004/03/trix/rdfg-1/"
mu,"http://www.kanzaki.com/ns/music#"
xf,"http://www.w3.org/2002/xforms/"
swanq,"http://purl.org/swan/1.2/qualifiers/"
rif,"http://www.w3.org/2007/rif#"
giving,"http://ontologi.es/giving#"
tzont,"http://www.w3.org/2006/timezone#"
ok,"http://okkam.org/terms#"
swande,"http://purl.org/swan/1.2/discourse-elements/"
math,"http://www.w3.org/2000/10/swap/math#"
dbr,"http://dbpedia.org/resource/"
owlim,"http://www.ontotext.com/trree/owlim#"
dcn,"http://www.w3.org/2007/uwa/context/deliverycontext.owl#"
lomvoc,"http://ltsc.ieee.org/rdf/lomv1p0/vocabulary#"
myspace,"http://purl.org/ontology/myspace#"
jdbc,"http://d2rq.org/terms/jdbc/"
dcat,"http://www.w3.org/ns/dcat#"
pc,"http://purl.org/procurement/public-contracts#"
con,"http://www.w3.org/2000/10/swap/pim/contact#"
oo,"http://purl.org/openorg/"
drugbank,"http://www4.wiwiss.fu-berlin.de/drugbank/resource/drugbank/"
cert,"http://www.w3.org/ns/auth/cert#"
frbr,"http://purl.org/vocab/frbr/core#"
spacerel,"http://data.ordnancesurvey.co.uk/ontology/spatialrelations/"
vs,"http://www.w3.org/2003/06/sw-vocab-status/ns#"
ac,"http://umbel.org/umbel/ac/"
schema,"http://schema.org/"
sider,"http://www4.wiwiss.fu-berlin.de/sider/resource/sider/"
nfo,"http://www.semanticdesktop.org/ontologies/2007/03/22/nfo#"
wn20schema,"http://www.w3.org/2006/03/wn/wn20/schema/"
movie,"http://data.linkedmdb.org/resource/movie/"
rsa,"http://www.w3.org/ns/auth/rsa#"
akts,"http://www.aktors.org/ontology/support#"
sioct,"http://rdfs.org/sioc/types#"
ov,"http://open.vocab.org/terms/"
rr,"http://www.w3.org/ns/r2rml#"
po,"http://purl.org/ontology/po/"
loc,"http://www.w3.org/2007/uwa/context/location.owl#"
prv,"http://purl.org/net/provenance/ns#"
acm,"http://www.rkbexplorer.com/ontologies/acm#"
uniprot,"http://purl.uniprot.org/core/"
time,"http://www.w3.org/2006/time#"
cnt,"http://www.w3.org/2011/content#"
pmlj,"http://inference-web.org/2.0/pml-justification.owl#"
ma,"http://www.w3.org/ns/ma-ont#"
swrl,"http://www.w3.org/2003/11/swrl#"
granatum,"http://chem.deri.ie/granatum/"
music,"http://musicontology.com/"
wo,"http://purl.org/ontology/wo/"
daml,"http://www.daml.org/2001/03/daml+oil#"
link,"http://www.w3.org/2006/link#"
db,"http://dbpedia.org/"
marcrel,"http://id.loc.gov/vocabulary/relators/"
test,"http://test2.example.com/"
pr,"http://purl.org/ontology/prv/core#"
tmo,"http://www.semanticdesktop.org/ontologies/2008/05/20/tmo#"
xtypes,"http://purl.org/xtypes/"
ore,"http://www.openarchives.org/ore/terms/"
abc,"http://www.metadata.net/harmony/ABCSchemaV5Commented.rdf#"
biocore,"http://bio2rdf.org/core#"
lode,"http://linkedevents.org/ontology/"
gn,"http://www.geonames.org/ontology#"
wdrs,"http://www.w3.org/2007/05/powder-s#"
acl,"http://www.w3.org/ns/auth/acl#"
taxo,"http://purl.org/rss/1.0/modules/taxonomy/"
dcam,"http://purl.org/dc/dcam/"
swrlb,"http://www.w3.org/2003/11/swrlb#"
wn,"http://xmlns.com/wordnet/1.6/"
oauth,"http://demiblog.org/vocab/oauth#"
scovo,"http://purl.org/NET/scovo#"
politico,"http://www.rdfabout.com/rdf/schema/politico/"
bio2rdf,"http://bio2rdf.org/"
zoology,"http://purl.org/NET/biol/zoology#"
mit,"http://purl.org/ontology/mo/mit#"
umbel,"http://umbel.org/umbel#"
compass,"http://purl.org/net/compass#"
chord,"http://purl.org/ontology/chord/"
omt,"http://purl.org/ontomedia/ext/common/trait#"
usgov,"http://www.rdfabout.com/rdf/schema/usgovt/"
irw,"http://www.ontologydesignpatterns.org/ont/web/irw.owl#"
sede,"http://eventography.org/sede/0.1/"
tl,"http://purl.org/NET/c4dm/timeline.owl#"
skosxl,"http://www.w3.org/2008/05/skos-xl#"
protege,"http://protege.stanford.edu/system#"
java,"http://www.w3.org/2007/uwa/context/java.owl#"
dbpediaowl,"http://dbpedia.org/ontology/"
nao,"http://www.semanticdesktop.org/ontologies/2007/08/15/nao#"
ya,"http://blogs.yandex.ru/schema/foaf/"
courseware,"http://courseware.rkbexplorer.com/ontologies/courseware#"
doc,"http://www.w3.org/2000/10/swap/pim/doc#"
nco,"http://www.semanticdesktop.org/ontologies/2007/03/22/nco#"
irrl,"http://www.ontologydesignpatterns.org/cp/owl/informationobjectsandrepresentationlanguages.owl#"
adms,"http://www.w3.org/ns/adms#"
whois,"http://www.kanzaki.com/ns/whois#"
user,"http://schemas.talis.com/2005/user/schema#"
exif,"http://www.w3.org/2003/12/exif/ns#"
fresnel,"http://www.w3.org/2004/09/fresnel#"
omb,"http://purl.org/ontomedia/ext/common/being#"
lfm,"http://purl.org/ontology/last-fm/"
lingvoj,"http://www.lingvoj.org/ontology#"
rep,"http://www.openrdf.org/config/repository#"
scot,"http://rdfs.org/scot/ns#"
lgd,"http://linkedgeodata.org/vocabulary#"
vote,"http://www.rdfabout.com/rdf/schema/vote/"
rnews,"http://iptc.org/std/rNews/2011-10-07#"
so,"http://purl.org/ontology/symbolic-music/"
ti,"http://www.ontologydesignpatterns.org/cp/owl/timeinterval.owl#"
acc,"http://purl.org/NET/acc#"
powder,"http://www.w3.org/2007/05/powder#"
audio,"http://purl.org/media/audio#"
geoes,"http://geo.linkeddata.es/ontology/"
iswc,"http://annotation.semanticweb.org/2004/iswc#"
nsogi,"http://prefix.cc/nsogi:"
spin,"http://spinrdf.org/spin#"
spl,"http://spinrdf.org/spl#"
resex,"http://resex.rkbexplorer.com/ontologies/resex#"
dctype,"http://purl.org/dc/dcmitype/"
bibtex,"http://purl.oclc.org/NET/nknouf/ns/bibtex#"
label,"http://purl.org/net/vocab/2004/03/label#"
rec,"http://purl.org/ontology/rec/core#"
atom,"http://www.w3.org/2005/Atom/"
lx,"http://purl.org/NET/lx#"
affy,"http://www.affymetrix.com/community/publications/affymetrix/tmsplice#"
biol,"http://purl.org/NET/biol/ns#"
nrl,"http://www.semanticdesktop.org/ontologies/2007/08/15/nrl#"
rei,"http://www.w3.org/2004/06/rei#"
os,"http://www.w3.org/2000/10/swap/os#"
unit,"http://qudt.org/vocab/unit#"
ne,"http://umbel.org/umbel/ne/"
sp,"http://spinrdf.org/sp#"
omp,"http://purl.org/ontomedia/ext/common/profession#"
moat,"http://moat-project.org/ns#"
atomix,"http://buzzword.org.uk/rdf/atomix#"
spc,"http://purl.org/ontomedia/core/space#"
fec,"http://www.rdfabout.com/rdf/schema/usfec/"
wordmap,"http://purl.org/net/ns/wordmap#"
pmlp,"http://inference-web.org/2.0/pml-provenance.owl#"
dailymed,"http://www4.wiwiss.fu-berlin.de/dailymed/resource/dailymed/"
meta,"http://www.openrdf.org/rdf/2009/metadata#"
lastfm,"http://purl.org/ontology/last-fm/"
imm,"http://schemas.microsoft.com/imm/"
code,"http://telegraphis.net/ontology/measurement/code#"
opm,"http://openprovenance.org/ontology#"
doclist,"http://www.junkwork.net/xml/DocumentList#"
doac,"http://ramonantonio.net/doac/0.1/#"
coref,"http://www.rkbexplorer.com/ontologies/coref#"
sail,"http://www.openrdf.org/config/sail#"
lotico,"http://www.lotico.com/resource/"
ncal,"http://www.semanticdesktop.org/ontologies/2007/04/02/ncal#"
xen,"http://buzzword.org.uk/rdf/xen#"
video,"http://purl.org/media/video#"
sit,"http://www.ontologydesignpatterns.org/cp/owl/situation.owl#"
ibis,"http://purl.org/ibis#"
kwijibo,"http://kwijibo.talis.com/"
contact,"http://www.w3.org/2000/10/swap/pim/contact#"
resist,"http://www.rkbexplorer.com/ontologies/resist#"
nexif,"http://www.semanticdesktop.org/ontologies/2007/05/10/nexif#"
hcterms,"http://purl.org/uF/hCard/terms/"
lang,"http://ontologi.es/lang/core#"
p3p,"http://www.w3.org/2002/01/p3prdfv1#"
crm,"http://www.cidoc-crm.org/cidoc-crm/"
ecs,"http://rdf.ecs.soton.ac.uk/ontology/ecs#"
prj,"http://purl.org/stuff/project/"
grddl,"http://www.w3.org/2003/g/data-view#"
h5,"http://buzzword.org.uk/rdf/h5#"
space,"http://purl.org/net/schemas/space/"
lifecycle,"http://purl.org/vocab/lifecycle/schema#"
nmo,"http://www.semanticdesktop.org/ontologies/2007/03/22/nmo#"
copyright,"http://rhizomik.net/ontologies/copyrightonto.owl#"
admingeo,"http://data.ordnancesurvey.co.uk/ontology/admingeo/"
kb,"http://deductions.sf.net/ontology/knowledge_base.owl#"
wgs84,"http://www.w3.org/2003/01/geo/wgs84_pos#"
hlisting,"http://sindice.com/hlisting/0.1/"
hard,"http://www.w3.org/2007/uwa/context/hardware.owl#"
eztag,"http://ontologies.ezweb.morfeo-project.org/eztag/ns#"
airport,"http://www.daml.org/2001/10/html/airport-ont#"
myspo,"http://purl.org/ontology/myspace#"
dcterm,"http://purl.org/dc/terms/"
eg,"http://eulergui.sourceforge.net/engine.owl#"
xhe,"http://buzzword.org.uk/rdf/xhtml-elements#"
formats,"http://www.w3.org/ns/formats/"
omc,"http://purl.org/ontomedia/ext/common/bestiary#"
lfn,"http://www.dotnetrdf.org/leviathan#"
osgb,"http://data.ordnancesurvey.co.uk/id/"
room,"http://vocab.deri.ie/rooms#"
go,"http://www.geneontology.org/go#"
bsbm,"http://www4.wiwiss.fu-berlin.de/bizer/bsbm/v01/vocabulary/"
wnschema,"http://www.cogsci.princeton.edu/~wn/schema/"
sdl,"http://purl.org/vocab/riro/sdl#"
xro,"http://purl.org/xro/ns#"
meetup,"http://www.lotico.com/meetup/"
madsrdf,"http://www.loc.gov/mads/rdf/v1#"
phss,"http://ns.poundhill.com/phss/1.0/"
custom,"http://www.openrdf.org/config/sail/custom#"
sv,"http://schemas.talis.com/2005/service/schema#"
climb,"http://climb.dataincubator.org/vocabs/climb/"
c4n,"http://vocab.deri.ie/c4n#"
ddc,"http://purl.org/NET/decimalised#"
tags,"http://www.holygoat.co.uk/owl/redwood/0.1/tags/"
lom,"http://ltsc.ieee.org/rdf/lomv1p0/lom#"
resource,"http://purl.org/vocab/resourcelist/schema#"
wv,"http://vocab.org/waiver/terms/"
money,"http://purl.org/net/rdf-money/"
prism,"http://prismstandard.org/namespaces/basic/2.0/"
gd,"http://rdf.data-vocabulary.org/#"
ping,"http://purl.org/net/pingback/"
es,"http://eulersharp.sourceforge.net/2003/03swap/log-rules#"
net,"http://www.w3.org/2007/uwa/context/network.owl#"
sdmx,"http://purl.org/linked-data/sdmx#"
wdr,"http://www.w3.org/2007/05/powder#"
swanqs,"http://purl.org/swan/1.2/qualifiers/"
like,"http://ontologi.es/like#"
lv,"http://purl.org/lobid/lv#"
product,"http://purl.org/commerce/product#"
mysql,"http://web-semantics.org/ns/mysql/"
ptr,"http://www.w3.org/2009/pointers#"
gpt,"http://purl.org/vocab/riro/gpt#"
core,"http://vivoweb.org/ontology/core#"
dcmitype,"http://purl.org/dc/dcmitype/"
swandr,"http://purl.org/swan/1.2/discourse-relationships/"
smiley,"http://www.smileyontology.com/ns#"
sesame,"http://www.openrdf.org/schema/sesame#"
smf,"http://topbraid.org/sparqlmotionfunctions#"
ddl,"http://purl.org/vocab/riro/ddl#"
cycann,"http://sw.cyc.com/CycAnnotations_v1#"
meteo,"http://purl.org/ns/meteo#"
swp,"http://www.w3.org/2004/03/trix/swp-2/"
osoc,"http://web-semantics.org/ns/opensocial#"
sml,"http://topbraid.org/sparqlmotionlib#"
gold,"http://purl.org/linguistics/gold/"
rdfa,"http://www.w3.org/ns/rdfa#"
lt,"http://diplomski.nelakolundzija.org/LTontology.rdf#"
frbre,"http://purl.org/vocab/frbr/extended#"
dblp,"http://dblp.l3s.de/d2r/page/authors/"
qdoslf,"http://foaf.qdos.com/lastfm/schema/"
fed,"http://www.openrdf.org/config/sail/federation#"
sim,"http://purl.org/ontology/similarity/"
trackback,"http://madskills.com/public/xml/rss/module/trackback/"
omm,"http://purl.org/ontomedia/core/media#"
obj,"http://www.openrdf.org/rdf/2009/object#"
cco,"http://purl.org/ontology/cco/core#"
scv,"http://purl.org/NET/scovo#"
tdb,"http://jena.hpl.hp.com/2008/tdb#"
list,"http://www.w3.org/2000/10/swap/list#"
common,"http://www.w3.org/2007/uwa/context/common.owl#"
puc,"http://purl.org/NET/puc#"
pmt,"http://tipsy.googlecode.com/svn/trunk/vocab/pmt#"
ire,"http://www.ontologydesignpatterns.org/cpont/ire.owl#"
profiling,"http://ontologi.es/profiling#"
nid3,"http://www.semanticdesktop.org/ontologies/2007/05/10/nid3#"
gob,"http://purl.org/ontology/last-fm/"
pmlr,"http://inference-web.org/2.0/pml-relation.owl#"
dul,"http://www.loa-cnr.it/ontologies/DUL.owl#"
tripfs,"http://purl.org/tripfs/2010/02#"
voaf,"http://purl.org/vocommons/voaf#"
oat,"http://openlinksw.com/schemas/oat/"
b2bo,"http://purl.org/b2bo#"
am,"http://vocab.deri.ie/am#"
imreg,"http://www.w3.org/2004/02/image-regions#"
oc,"http://opencoinage.org/rdf/"
prissma,"http://ns.inria.fr/prissma/v1#"
bib,"http://zeitkunst.org/bibtex/0.1/bibtex.owl#"
dce,"http://purl.org/dc/elements/1.1/"
isbd,"http://iflastandards.info/ns/isbd/elements/"
push,"http://www.w3.org/2007/uwa/context/push.owl#"
string,"http://www.w3.org/2000/10/swap/string#"
tio,"http://purl.org/tio/ns#"
psych,"http://purl.org/vocab/psychometric-profile/"
swrcfe,"http://www.morelab.deusto.es/ontologies/swrcfe#"
soft,"http://www.w3.org/2007/uwa/context/software.owl#"
dummy,"http://hello.com/"
swanpav,"http://purl.org/swan/1.2/pav/"
opo,"http://online-presence.net/opo/ns#"
geographis,"http://telegraphis.net/ontology/geography/geography#"
swh,"http://plugin.org.uk/swh-plugins/"
okkam,"http://models.okkam.org/ENS-core-vocabulary#"
web,"http://www.w3.org/2007/uwa/context/web.owl#"
states,"http://www.w3.org/2005/07/aaa#"
aifb,"http://www.aifb.kit.edu/id/"
evset,"http://dsnotify.org/vocab/eventset/0.1/"
ezcontext,"http://ontologies.ezweb.morfeo-project.org/ezcontext/ns#"
xforms,"http://www.w3.org/2002/xforms/"
xl,"http://langegger.at/xlwrap/vocab#"
dady,"http://purl.org/NET/dady#"
awol,"http://bblfish.net/work/atom-owl/2006-06-06/#"
swanag,"http://purl.org/swan/1.2/agents/"
opensearch,"http://a9.com/-/spec/opensearch/1.1/"
crypto,"http://www.w3.org/2000/10/swap/crypto#"
plink,"http://buzzword.org.uk/rdf/personal-link-types#"
conv,"http://purl.org/twc/vocab/conversion/"
conserv,"http://conserv.deri.ie/ontology#"
swanco,"http://purl.org/swan/1.2/swan-commons/"
rooms,"http://vocab.deri.ie/rooms#"
mf,"http://www.w3.org/2001/sw/DataAccess/tests/test-manifest#"
play,"http://uriplay.org/spec/ontology/#"
coin,"http://purl.org/court/def/2009/coin#"
dbpp,"http://dbpedia.org/property/"
wisski,"http://wiss-ki.eu/"
sparql,"http://ontologi.es/sparql#"
ldap,"http://purl.org/net/ldap/"
urn,"http://fliqz.com/"
xhtmlvocab,"http://www.w3.org/1999/xhtml/vocab/"
wgs,"http://www.w3.org/2003/01/geo/wgs84_pos#"
ao,"http://purl.org/ontology/ao/core#"
pimo,"http://www.semanticdesktop.org/ontologies/2007/11/01/pimo#"
timeline,"http://purl.org/NET/c4dm/timeline.owl#"
ttl,"http://www.w3.org/2008/turtle#"
dbprop,"http://dbpedia.org/property/"
ro,"http://purl.org/wf4ever/ro#"
ps,"https://w3id.org/payswarm#"
game,"http://data.totl.net/game/"
swivt,"http://semantic-mediawiki.org/swivt/1.0#"
wairole,"http://www.w3.org/2005/01/wai-rdf/GUIRoleTaxonomy#"
sm,"http://topbraid.org/sparqlmotion#"
oa,"http://www.w3.org/ns/oa#"
ct,"http://data.linkedct.org/resource/linkedct/"
isi,"http://purl.org/ontology/is/inst/"
lark1,"http://users.utcluj.ro/~raluca/ontology/Ontology1279614123500.owl#"
xesam,"http://freedesktop.org/standards/xesam/1.0/core#"
sawsdl,"http://www.w3.org/ns/sawsdl#"
evopat,"http://ns.aksw.org/Evolution/"
ref,"http://purl.org/vocab/relationship/"
txn,"http://lod.taxonconcept.org/ontology/txn.owl#"
uri,"http://purl.org/NET/uri#"
olo,"http://purl.org/ontology/olo/core#"
swanci,"http://purl.org/swan/1.2/citations/"
food,"http://purl.org/foodontology#"
opus,"http://lsdis.cs.uga.edu/projects/semdis/opus#"
freebase,"http://rdf.freebase.com/ns/"
isq,"http://purl.org/ontology/is/quality/"
anca,"http://users.utcluj.ro/~raluca/rdf_ontologies_ralu/ralu_modified_ontology_pizzas2_0#"
acco,"http://purl.org/acco/ns#"
sl,"http://www.semanlink.net/2001/00/semanlink-schema#"
geospecies,"http://rdf.geospecies.org/ont/geospecies#"
bookmark,"http://www.w3.org/2002/01/bookmark#"
ist,"http://purl.org/ontology/is/types/"
sport,"http://www.bbc.co.uk/ontologies/sport/"
remus,"http://www.semanticweb.org/ontologies/2010/6/Ontology1279614123500.owl#"
swid,"http://semanticweb.org/id/"
status,"http://ontologi.es/status#"
dayta,"http://dayta.me/resource#"
sysont,"http://ns.ontowiki.net/SysOnt/"
pgterms,"http://www.gutenberg.org/2009/pgterms/"
postcode,"http://data.ordnancesurvey.co.uk/id/postcodeunit/"
sec,"https://w3id.org/security#"
pdo,"http://ontologies.smile.deri.ie/pdo#"
rulz,"http://purl.org/NET/rulz#"
edm,"http://www.europeana.eu/schemas/edm/"
httph,"http://www.w3.org/2007/ont/httph#"
yoda,"http://purl.org/NET/yoda#"
act,"http://www.w3.org/2007/rif-builtin-action#"
cpv,"http://purl.org/weso/cpv/"
derecho,"http://purl.org/derecho#"
cito,"http://purl.org/spar/cito/"
site,"http://ns.ontowiki.net/SysOnt/Site/"
sioca,"http://rdfs.org/sioc/actions#"
oboro,"http://obofoundry.org/ro/ro.owl#"
prvtypes,"http://purl.org/net/provenance/types#"
linkedct,"http://data.linkedct.org/vocab/"
xbrli,"http://www.xbrl.org/2003/instance#"
prot,"http://www.proteinontology.info/po.owl#"
search,"http://sindice.com/vocab/search#"
wlp,"http://weblab-project.org/core/model/property/processing/"
opmv,"http://purl.org/net/opmv/ns#"
w3p,"http://prov4j.org/w3p/"
dnr,"http://www.dotnetrdf.org/configuration#"
gml,"http://www.opengis.net/ont/gml#"
nsa,"http://multimedialab.elis.ugent.be/organon/ontologies/ninsuna#"
pmlt,"http://inference-web.org/2.0/pml-trust.owl#"
drug,"http://www.agfa.com/w3c/2009/drugTherapy#"
ean,"http://openean.kaufkauf.net/id/"
muto,"http://purl.org/muto/core#"
agents,"http://eulersharp.sourceforge.net/2003/03swap/agent#"
lvont,"http://lexvo.org/ontology#"
wgspos,"http://www.w3.org/2003/01/geo/wgs84_pos#"
sio,"http://semanticscience.org/resource/"
loticoowl,"http://www.lotico.com/ontology/"
nt,"http://ns.inria.fr/nicetag/2010/09/09/voc#"
library,"http://purl.org/library/"
posh,"http://poshrdf.org/ns/posh/"
eu,"http://eulersharp.sourceforge.net/2003/03swap/log-rules#"
conversion,"http://purl.org/twc/vocab/conversion/"
organism,"http://eulersharp.sourceforge.net/2003/03swap/organism#"
tarot,"http://data.totl.net/tarot/card/"
is,"http://purl.org/ontology/is/core#"
pbo,"http://purl.org/ontology/pbo/core#"
session,"http://redfoot.net/2005/session#"
languages,"http://eulersharp.sourceforge.net/2003/03swap/languages#"
organiz,"http://eulersharp.sourceforge.net/2003/03swap/organization#"
gv,"http://rdf.data-vocabulary.org/#"
pobo,"http://purl.obolibrary.org/obo/"
fabio,"http://purl.org/spar/fabio/"
gridworks,"http://purl.org/net/opmv/types/gridworks#"
healthcare,"http://www.agfa.com/w3c/2009/healthCare#"
ufmedia,"http://purl.org/microformat/hmedia/"
biopax,"http://www.biopax.org/release/biopax-level3.owl#"
arch,"http://purl.org/archival/vocab/arch#"
sindice,"http://vocab.sindice.net/"
countries,"http://eulersharp.sourceforge.net/2003/03swap/countries#"
eprints,"http://eprints.org/ontology/"
lgdo,"http://linkedgeodata.org/ontology/"
muo,"http://purl.oclc.org/NET/muo/muo#"
rail,"http://ontologi.es/rail/vocab#"
r2r,"http://www4.wiwiss.fu-berlin.de/bizer/r2r/"
lp,"http://launchpad.net/rdf/launchpad#"
cos,"http://www.inria.fr/acacia/corese#"
ui,"http://www.w3.org/ns/ui#"
zbwext,"http://zbw.eu/namespaces/zbw-extensions/"
enc,"http://www.w3.org/2001/04/xmlenc#"
protons,"http://proton.semanticweb.org/2005/04/protons#"
address,"http://schemas.talis.com/2005/address/schema#"
gnd,"http://d-nb.info/gnd/"
nocal,"http://vocab.deri.ie/nocal#"
res,"http://www.w3.org/2005/sparql-results#"
dgfoaf,"http://west.uni-koblenz.de/ontologies/2010/07/dgfoaf.owl#"
human,"http://eulersharp.sourceforge.net/2003/03swap/human#"
ldp,"http://www.w3.org/ns/ldp#"
places,"http://purl.org/ontology/places#"
phil,"http://philosurfical.open.ac.uk/ontology/philosurfical.owl/"
xfnv,"http://vocab.sindice.com/xfn#"
geodata,"http://sws.geonames.org/"
agetec,"http://www.agetec.org/"
lemon,"http://lemon-model.net/lemon#"
govwild,"http://govwild.org/0.6/GWOntology.rdf/"
vsr,"http://purl.org/twc/vocab/vsr#"
webtlab,"http://webtlab.it.uc3m.es/"
bf,"http://bibframe.org/vocab/"
fab,"http://purl.org/fab/ns#"
odp,"http://ontologydesignpatterns.org/"
payment,"http://reference.data.gov.uk/def/payment#"
s4ac,"http://ns.inria.fr/s4ac/v2#"
opwn,"http://www.ontologyportal.org/WordNet.owl#"
wordnet,"http://purl.org/vocabularies/princeton/wordnet/schema#"
com,"http://purl.org/commerce#"
bioskos,"http://eulersharp.sourceforge.net/2003/03swap/bioSKOSSchemes#"
c4o,"http://purl.org/spar/c4o/"
cdm,"http://purl.org/twc/ontology/cdm.owl#"
interval,"http://reference.data.gov.uk/def/intervals/"
genab,"http://eulersharp.sourceforge.net/2003/03swap/genomeAbnormality#"
openlinks,"http://www.openlinksw.com/schemas/virtrdf#"
provenir,"http://knoesis.wright.edu/provenir/provenir.owl#"
dbnary,"http://kaiko.getalp.org/dbnary#"
linkedmdb,"http://data.linkedmdb.org/sparql/"
nif,"http://persistence.uni-leipzig.org/nlp2rdf/ontologies/nif-core#"
ssn,"http://purl.oclc.org/NET/ssnx/ssn#"
events,"http://eulersharp.sourceforge.net/2003/03swap/event#"
quak,"http://dev.w3.org/cvsweb/2000/quacken/vocab#"
esd,"http://def.esd.org.uk/"
card,"http://www.ashutosh.com/test/"
elog,"http://eulersharp.sourceforge.net/2003/03swap/log-rules#"
metalex,"http://www.metalex.eu/schema/1.0#"
ass,"http://uptheasset.org/ontology#"
georss,"http://www.georss.org/georss/"
aair,"http://xmlns.notu.be/aair#"
humanbody,"http://eulersharp.sourceforge.net/2003/03swap/humanBody#"
nndsr,"http://semanticdiet.com/schema/usda/nndsr/"
mygrid,"http://www.mygrid.org.uk/ontology#"
req,"http://purl.org/req/"
xsl,"http://www.w3.org/1999/XSL/Transform#"
icaltzd,"http://www.w3.org/2002/12/cal/icaltzd#"
lyou,"http://purl.org/linkingyou/"
dso,"http://purl.org/ontology/dso#"
ceo,"http://www.ebusiness-unibw.org/ontologies/consumerelectronics/v1#"
malignneo,"http://www.agfa.com/w3c/2009/malignantNeoplasm#"
cidoc,"http://erlangen-crm.org/current/"
hemogram,"http://www.agfa.com/w3c/2009/hemogram#"
commons,"http://commons.psi.enakting.org/def/"
dgtwc,"http://data-gov.tw.rpi.edu/2009/data-gov-twc.rdf#"
sco,"http://purl.org/ontology/sco#"
clineva,"http://www.agfa.com/w3c/2009/clinicalEvaluation#"
vitro,"http://vitro.mannlib.cornell.edu/ns/vitro/public#"
agent,"http://eulersharp.sourceforge.net/2003/03swap/agent#"
decl,"http://www.linkedmodel.org/1.0/schema/decl#"
toby,"http://tobyinkster.co.uk/#"
edam,"http://purl.bioontology.org/ontology/EDAM/"
vso,"http://purl.org/vso/ns#"
hospital,"http://www.agfa.com/w3c/2009/hospital#"
eat,"http://www.awesomesauce.net/urmom/"
dita,"http://purl.org/dita/ns#"
arpfo,"http://vocab.ouls.ox.ac.uk/projectfunding#"
wao,"http://webtlab.it.uc3m.es/2010/10/WebAppsOntology#"
pml,"http://provenanceweb.org/ns/pml#"
cube,"http://purl.org/linked-data/cube#"
ngeo,"http://geovocab.org/geometry#"
idemo,"http://rdf.insee.fr/def/demo#"
tripfs2,"http://purl.org/tripfs/2010/06#"
care,"http://eulersharp.sourceforge.net/2003/03swap/care#"
prvr,"http://purl.org/ontology/prv/rules#"
dwc,"http://rs.tdwg.org/dwc/terms/"
umbelrc,"http://umbel.org/umbel/rc/"
datafaqs,"http://purl.org/twc/vocab/datafaqs#"
gelo,"http://krauthammerlab.med.yale.edu/ontologies/gelo#"
lod2,"http://lod2.eu/schema/"
ccom,"http://purl.org/ontology/cco/mappings#"
units,"http://eulersharp.sourceforge.net/2003/03swap/unitsExtension#"
apivc,"http://purl.org/linked-data/api/vocab#"
ocd,"http://dati.camera.it/ocd/"
zem,"http://s.zemanta.com/ns#"
atomowl,"http://bblfish.net/work/atom-owl/2006-06-06/#"
sig,"http://purl.org/signature#"
cmo,"http://purl.org/twc/ontologies/cmo.owl#"
tei,"http://www.tei-c.org/ns/1.0/"
gsp,"http://www.opengis.net/ont/geosparql#"
environ,"http://eulersharp.sourceforge.net/2003/03swap/environment#"
npg,"http://ns.nature.com/terms/"
gc,"http://www.oegov.org/core/owl/gc#"
pom,"http://maven.apache.org/POM/4.0.0#"
cordis,"http://www4.wiwiss.fu-berlin.de/cordis/resource/cordis/"
hints2005,"http://purl.org/twc/cabig/model/HINTS2005-1.owl#"
obo,"http://purl.obolibrary.org/obo/"
quantities,"http://eulersharp.sourceforge.net/2003/03swap/quantitiesExtension#"
span,"http://www.ifomis.org/bfo/1.1/span#"
wai,"http://purl.org/wai#"
name,"http://example.org/name#"
spatial,"http://geovocab.org/spatial#"
theatre,"http://purl.org/theatre#"
cpm,"http://catalogus-professorum.org/cpm/"
scowt,"http://purl.org/weso/ontologies/scowt#"
clinproc,"http://www.agfa.com/w3c/2009/clinicalProcedure#"
transmed,"http://www.w3.org/2001/sw/hcls/ns/transmed/"
xds,"http://www.w3.org/2001/XMLSchema#"
hartigprov,"http://purl.org/net/provenance/ns#"
wf,"http://www.w3.org/2005/01/wf/flow#"
eco,"http://www.ebusiness-unibw.org/ontologies/eclass/5.1.4/#"
ann,"http://www.w3.org/2000/10/annotation-ns#"
pro,"http://purl.org/hpi/patchr#"
voag,"http://voag.linkedmodel.org/schema/voag#"
rov,"http://www.w3.org/ns/regorg#"
gso,"http://www.w3.org/2006/gen/ont#"
prog,"http://purl.org/prog/"
aneo,"http://akonadi-project.org/ontologies/aneo#"
uni,"http://purl.org/weso/uni/uni.html#"
dco,"http://info.deepcarbon.net/schema#"
visit,"http://purl.org/net/vocab/2004/07/visit#"
semtweet,"http://semantictweet.com/"
bif,"http://www.openlinksw.com/schema/sparql/extensions#"
rda,"http://www.rdaregistry.info/"
qudt,"http://qudt.org/1.1/schema/qudt#"
lib,"http://purl.org/library/"
mpeg7,"http://rhizomik.net/ontologies/2005/03/Mpeg7-2001.owl#"
fowl,"http://www.w3.org/TR/2003/PR-owl-guide-20031209/food#"
br,"http://vocab.deri.ie/br#"
p20,"http://zbw.eu/beta/p20/vocab/"
marl,"http://www.gsi.dit.upm.es/ontologies/marl/ns#"
person,"http://www.w3.org/ns/person#"
prefix,"http://prefix.cc/"
eye,"http://jena.hpl.hp.com/Eyeball#"
fise,"http://fise.iks-project.eu/ontology/"
bte,"http://purl.org/twc/vocab/between-the-edges/"
pos,"http://www.w3.org/2003/01/geo/wgs84_pos#"
cheminf,"http://www.semanticweb.org/ontologies/cheminf.owl#"
htir,"http://www.w3.org/2011/http#"
dnb,"http://d-nb.info/gnd/"
cgov,"http://reference.data.gov.uk/def/central-government/"
skip,"http://skipforward.net/skipforward/resource/"
muni,"http://vocab.linkeddata.es/urbanismo-infraestructuras/territorio#"
owls,"http://www.daml.org/services/owl-s/1.2/Service.owl#"
ogp,"http://ogp.me/ns#"
aims,"http://aims.fao.org/aos/common/"
ccard,"http://purl.org/commerce/creditcard#"
bcnnorms,"http://datos.bcn.cl/ontologies/bcn-norms#"
rdo,"http://purl.org/rdo/ns#"
cidoccrm,"http://purl.org/NET/cidoc-crm/core#"
igeo,"http://rdf.insee.fr/def/geo#"
efo,"http://www.ebi.ac.uk/efo/"
disease,"http://www.agfa.com/w3c/2009/humanDisorder#"
coo,"http://purl.org/coo/ns#"
diseasome,"http://www4.wiwiss.fu-berlin.de/diseasome/resource/diseasome/"
dtype,"http://www.linkedmodel.org/schema/dtype#"
olia,"http://purl.org/olia/olia.owl#"
kw,"http://kwantu.net/kw/"
rating,"http://www.tvblob.com/ratings/#"
sioctypes,"http://rdfs.org/sioc/types#"
out,"http://ontologies.hypios.com/out#"
rdrel,"http://rdvocab.info/RDARelationshipsWEMI/"
ero,"http://purl.obolibrary.org/obo/"
scsv,"http://purl.org/NET/schema-org-csv#"
rv,"http://wifo-ravensburg.de/semanticweb.rdf#"
ngeoi,"http://vocab.lenka.no/geo-deling#"
viaf,"http://viaf.org/ontology/1.1/#"
pf,"http://jena.hpl.hp.com/ARQ/property#"
health,"http://purl.org/twc/health/vocab/"
ppo,"http://vocab.deri.ie/ppo#"
oboe,"http://ecoinformatics.org/oboe/oboe.1.0/oboe-core.owl#"
category,"http://dbpedia.org/resource/Category:"
shv,"http://ns.aksw.org/spatialHierarchy/"
oboso,"http://purl.org/obo/owl/SO#"
kdo,"http://kdo.render-project.eu/kdo#"
oac,"http://www.openannotation.org/ns/"
arecipe,"http://purl.org/amicroformat/arecipe/"
arg,"http://rdfs.org/sioc/argument#"
aapi,"http://rdf.alchemyapi.com/rdf/v1/s/aapi-schema#"
owltime,"http://www.w3.org/TR/owl-time#"
mei,"http://www.music-encoding.org/ns/mei/"
ekaw,"http://data.semanticweb.org/conference/ekaw/2012/complete/"
no,"http://km.aifb.kit.edu/projects/numbers/number#"
bp,"http://open-services.net/ns/basicProfile#"
rdagr1,"http://rdvocab.info/Elements/"
xkos,"http://purl.org/linked-data/xkos#"
calli,"http://callimachusproject.org/rdf/2009/framework#"
cogs,"http://vocab.deri.ie/cogs#"
pav,"http://purl.org/pav/"
d2r,"http://sites.wiwiss.fu-berlin.de/suhl/bizer/d2r-server/config.rdf#"
soap,"http://www.w3.org/2003/05/soap-envelope/"
ospost,"http://data.ordnancesurvey.co.uk/ontology/postcode/"
vaem,"http://www.linkedmodel.org/schema/vaem#"
iron,"http://purl.org/ontology/iron#"
saxon,"http://saxon.sf.net/"
govtrackus,"http://www.rdfabout.com/rdf/usgov/geo/us/"
aerols,"http://xmlns.com/aerols/0.1/"
okg,"http://openknowledgegraph.org/ontology/"
func,"http://www.w3.org/2007/rif-builtin-function#"
example,"http://www.example.org/rdf#"
mtecore,"http://purl.org/olia/mte/multext-east.owl#"
gazetteer,"http://data.ordnancesurvey.co.uk/ontology/50kGazetteer/"
hydra,"http://www.w3.org/ns/hydra/core#"
rlog,"http://persistence.uni-leipzig.org/nlp2rdf/ontologies/rlog#"
transit,"http://vocab.org/transit/terms/"
coeus,"http://bioinformatics.ua.pt/coeus/"
cerif,"http://spi-fm.uca.es/neologism/cerif#"
rdarole,"http://rdvocab.info/roles/"
greg,"http://kasei.us/about/foaf.xrdf#"
asn,"http://purl.org/ASN/schema/core/"
jita,"http://aims.fao.org/aos/jita/"
campsite,"http://www.openlinksw.com/campsites/schema#"
disco,"http://rdf-vocabulary.ddialliance.org/discovery#"
hcard,"http://purl.org/uF/hCard/terms/"
rdfdf,"http://www.openlinksw.com/virtrdf-data-formats#"
tcga,"http://purl.org/tcga/core#"
telix,"http://purl.org/telix#"
teach,"http://linkedscience.org/teach/ns#"
poder,"http://poderopedia.com/vocab/"
ens,"http://models.okkam.org/ENS-core-vocabulary.owl#"
lctr,"http://data.linkedct.org/vocab/resource/"
enhancer,"http://stanbol.apache.org/ontology/enhancer/enhancer#"
httpvoc,"http://www.w3.org/2006/http#"
vivo,"http://vivoweb.org/ontology/core#"
oax,"http://www.w3.org/ns/openannotation/extensions/"
place,"http://purl.org/ontology/places/"
oper,"http://sweet.jpl.nasa.gov/2.0/mathOperation.owl#"
agg,"http://purl.org/twc/health/vocab/aggregate/"
infection,"http://www.agfa.com/w3c/2009/infectiousDisorder#"
itsrdf,"http://www.w3.org/2005/11/its/rdf#"
l4a,"http://labels4all.info/ns/"
admssw,"http://purl.org/adms/sw/"
flow,"http://www.w3.org/2005/01/wf/flow#"
osn,"http://spatial.ucd.ie/lod/osn/"
rec54,"http://www.w3.org/2001/02pd/rec54.rdf#"
fct,"http://openlinksw.com/services/facets/1.0/"
fingal,"http://vocab.deri.ie/fingal#"
tmpl,"http://purl.org/restdesc/http-template#"
pccz,"http://purl.org/procurement/public-contracts-czech#"
frbrcore,"http://purl.org/vocab/frbr/core#"
dive,"http://scubadive.networld.to/dive.rdf#"
marshall,"http://sites.google.com/site/xgmaitc/"
nxp,"http://purl.org/nxp/schema/v1/"
lodac,"http://lod.ac/ns/lodac#"
pns,"http://data.press.net/ontology/stuff/"
kupkb,"http://www.e-lico.eu/data/kupkb/"
cao,"http://purl.org/makolab/caont/"
life,"http://life.deri.ie/schema/"
germplasm,"http://purl.org/germplasm/terms#"
bne,"http://datos.bne.es/resource/"
atomrdf,"http://atomowl.org/ontologies/atomrdf#"
eumida,"http://data.kasabi.com/dataset/eumida/terms/"
xmls,"http://www.w3.org/2001/XMLSchema#"
iao,"http://purl.obolibrary.org/obo/iao.owl#"
myprefix,"http://myprefix.org/"
nytimes,"http://data.nytimes.com/elements/"
str,"http://nlp2rdf.lod2.eu/schema/string/"
skiresort,"http://www.openlinksw.com/ski_resorts/schema#"
geom,"http://geovocab.org/geometry#"
omv,"http://omv.ontoware.org/2005/05/ontology#"
oslc,"http://open-services.net/ns/core#"
ipad,"http://www.padinthecity.com/"
kontakt,"http://richard.cyganiak.de/"
artstor,"http://simile.mit.edu/2003/10/ontologies/artstor#"
iso,"http://purl.org/iso25964/skos-thes#"
npgx,"http://ns.nature.com/extensions/"
sgv,"http://www.w3.org/TR/SVG/"
xch,"http://oanda2rdf.appspot.com/xch/"
dcr,"http://www.isocat.org/ns/dcr.rdf#"
pol,"http://escience.rpi.edu/ontology/semanteco/2/0/pollution.owl#"
identity,"http://purl.org/twc/ontologies/identity.owl#"
ms,"http://purl.org/obo/owl/MS#"
gbv,"http://purl.org/ontology/gbv/"
service,"http://purl.org/ontology/service#"
steel,"http://ontorule-project.eu/resources/steel-30#"
fls,"http://lukasblaho.sk/football_league_schema#"
dssn,"http://purl.org/net/dssn/"
uco,"http://purl.org/uco/ns#"
sql,"http://ns.inria.fr/ast/sql#"
isothes,"http://purl.org/iso25964/skos-thes#"
biordf,"http://purl.org/net/biordfmicroarray/ns#"
recipe,"http://linkedrecipes.org/schema/"
gxa,"http://www.ebi.ac.uk/gxa/"
pat,"http://purl.org/hpi/patchr#"
pay,"http://purl.org/commerce/payment#"
dpl,"http://dbpedialite.org/things/"
fc,"http://www.freeclass.eu/freeclass_v1#"
mte,"http://nl.ijs.si/ME/owl/"
grs,"http://www.georss.org/georss/"
intervals,"http://reference.data.gov.uk/def/intervals/"
wfprov,"http://purl.org/wf4ever/wfprov#"
osmsemnet,"http://spatial.ucd.ie/2012/08/osmsemnet/"
hg,"http://www.holygoat.co.uk/owl/redwood/0.1/tags/"
set,"http://www.w3.org/2000/10/swap/set#"
vcardx,"http://buzzword.org.uk/rdf/vcardx#"
s2s,"http://escience.rpi.edu/ontology/sesf/s2s/4/0/"
fd,"http://foodable.co/ns/"
fl,"http://eulersharp.sourceforge.net/2003/03swap/fl-rules#"
frir,"http://purl.org/twc/ontology/frir.owl#"
eseduc,"http://www.purl.org/ontologia/eseduc#"
wm,"http://ns.inria.fr/webmarks#"
genea,"http://www.owl-ontologies.com/generations.owl#"
wfdesc,"http://purl.org/wf4ever/wfdesc#"
prism21,"http://prismstandard.org/namespaces/basic/2.1/"
goef,"http://purl.org/twc/vocab/goef#"
hgnc,"http://bio2rdf.org/hgnc:"
hxl,"http://hxl.humanitarianresponse.info/ns/#"
dbyago,"http://dbpedia.org/class/yago/"
carfo,"http://purl.org/carfo#"
sdgp,"http://stats.data-gov.ie/property/"
rich,"http://rdf.data-vocabulary.org/"
chebi,"http://bio2rdf.org/chebi:"
vcard2006,"http://www.w3.org/2006/vcard/ns#"
infosys,"http://www.infosys.com/"
pronom,"http://reference.data.gov.uk/technical-registry/"
wikterms,"http://wiktionary.dbpedia.org/terms/"
orca,"http://geni-orca.renci.org/owl/topology.owl#"
r4ta,"http://ns.inria.fr/ratio4ta/v1#"
bd,"http://www.bigdata.com/rdf/search#"
dawgt,"http://www.w3.org/2001/sw/DataAccess/tests/test-dawg#"
c4dm,"http://purl.org/NET/c4dm/event.owl#"
aersv,"http://aers.data2semantics.org/vocab/"
lex,"http://purl.org/lex#"
np,"http://www.nanopub.org/nschema#"
fcm,"http://eulersharp.sourceforge.net/2006/02swap/fcm#"
ends,"http://labs.mondeca.com/vocab/endpointStatus#"
mods,"http://www.loc.gov/mods/v3#"
rdb,"http://www.dbs.cs.uni-duesseldorf.de/RDF/relational#"
moby,"http://www.mygrid.org.uk/mygrid-moby-service#"
dsp,"http://purl.org/metainfo/terms/dsp#"
open,"http://open.vocab.org/terms/"
xlink,"http://www.w3.org/1999/xlink/"
protegedc,"http://protege.stanford.edu/plugins/owl/dc/protege-dc.owl#"
lr,"http://linkedrecipes.org/schema/"
lgv,"http://linkedgeodata.org/ontology/"
sem,"http://semanticweb.cs.vu.nl/2009/11/sem/"
ple,"http://pleiades.stoa.org/places/"
wscaim,"http://www.openk.org/wscaim.owl#"
cis,"http://purl.org/NET/cloudisus#"
npgd,"http://ns.nature.com/datasets/"
frad,"http://iflastandards.info/ns/fr/frad/"
opmw,"http://www.opmw.org/ontology/"
eui,"http://institutions.publicdata.eu/#"
psh,"http://psh.techlib.cz/skos/"
agrelon,"http://d-nb.info/standards/elementset/agrelon#"
wikipedia,"http://www.systemone.at/2006/03/wikipedia#"
vsto,"http://escience.rpi.edu/ontology/vsto/2/0/vsto.owl#"
ncbitaxon,"http://purl.org/obo/owl/NCBITaxon#"
rssynd,"http://web.resource.org/rss/1.0/modules/syndication/"
osp,"http://data.lirmm.fr/ontologies/osp#"
cts2,"http://schema.omg.org/spec/CTS2/1.0/"
dbpo,"http://dbpedia.org/ontology/"
w3con,"http://www.w3.org/2000/10/swap/pim/contact#"
qa,"http://www.mit.jyu.fi/ai/TRUST_Ontologies/QA.owl#"
scufl2,"http://ns.taverna.org.uk/2010/scufl2#"
re,"http://www.w3.org/2000/10/swap/reason#"
lexvo,"http://lexvo.org/ontology#"
laposte,"http://data.lirmm.fr/ontologies/laposte#"
overheid,"http://standaarden.overheid.nl/owms/"
wn20,"http://www.w3.org/2006/03/wn/wn20/"
gesis,"http://lod.gesis.org/lodpilot/ALLBUS/vocab.rdf#"
rad,"http://www.w3.org/ns/rad#"
bing,"http://bing.com/schema/media/"
daiaserv,"http://purl.org/ontology/daia/Service/"
spif,"http://spinrdf.org/spif#"
npgg,"http://ns.nature.com/graphs/"
r2rml,"http://www.w3.org/ns/r2rml#"
ogorg,"http://opengraph.org/schema/"
dctypes,"http://purl.org/dc/dcmitype/"
aat,"http://vocab.getty.edu/aat/"
crtv,"http://open-services.net/ns/crtv#"
pkmn,"http://pokedex.dataincubator.org/pkm/"
qb4o,"http://purl.org/olap#"
xt,"http://purl.org/twc/vocab/cross-topix#"
blt,"http://data.bl.uk/schema/bibliographic#"
sci,"http://data.scientology.org/ns/"
geovocab,"http://geovocab.org/"
bcngeo,"http://datos.bcn.cl/ontologies/bcn-geographics#"
b2rpubchem,"http://bio2rdf.org/ns/ns/ns/pubchem#"
exterms,"http://www.example.org/terms/"
omapi,"http://purl.org/omapi/0.2/#"
mohammad,"http://manesht.ir/"
rpubl,"http://rinfo.lagrummet.se/ns/2008/11/rinfo/publ#"
pna,"http://data.press.net/ontology/asset/"
jjd,"http://www.joshuajeeson.com/"
un,"http://www.w3.org/2007/ont/unit#"
ql,"http://www.w3.org/2004/ql#"
vdpp,"http://data.lirmm.fr/ontologies/vdpp#"
nuts,"http://nuts.psi.enakting.org/id/BE335/doc/"
oarj,"http://opendepot.org/reference/linked/1.0/"
telmap,"http://purl.org/telmap/"
pne,"http://data.press.net/ontology/event/"
aers,"http://aers.data2semantics.org/resource/"
hifm,"http://purl.org/net/hifm/data#"
ub,"http://www.lehigh.edu/~zhp2/2004/0401/univ-bench.owl#"
dt,"http://dbpedia.org/datatype/"
uta,"http://uptheasset.org/ontology#"
geof,"http://www.opengis.net/def/function/geosparql/"
frapo,"http://purl.org/cerif/frapo/"
prviv,"http://purl.org/net/provenance/integrity#"
gawd,"http://gawd.atlantides.org/terms/"
curr,"https://w3id.org/cc#"
penn,"http://purl.org/olia/penn.owl#"
dis,"http://stanbol.apache.org/ontology/disambiguation/disambiguation#"
bcnbio,"http://datos.bcn.cl/ontologies/bcn-biographies#"
wfm,"http://purl.org/net/wf-motifs#"
osukdt,"http://www.ordnancesurvey.co.uk/ontology/Datatypes.owl#"
tisc,"http://observedchange.com/tisc/ns#"
cf,"http://mmisw.org/ont/cf/parameter/"
wd,"http://www.wikidata.org/entity/"
wl,"http://www.wsmo.org/ns/wsmo-lite#"
s3db,"http://www.s3db.org/core#"
eunis,"http://eunis.eea.europa.eu/rdf/species-schema.rdf#"
vsws,"http://verticalsearchworks.com/ontology/synset#"
sso,"http://nlp2rdf.lod2.eu/schema/sso/"
bcncon,"http://datos.bcn.cl/ontologies/bcn-congress#"
cvbase,"http://purl.org/captsolo/resume-rdf/0.2/base#"
sdmxdim,"http://purl.org/linked-data/sdmx/2009/dimension#"
owlse,"http://www.daml.org/services/owl-s/1.2/generic/Expression.owl#"
vsw,"http://verticalsearchworks.com/ontology/"
lldr,"http://purl.oclc.org/NET/lldr/ns#"
voidp,"http://www.enakting.org/provenance/voidp/"
pingback,"http://purl.org/net/pingback/"
oecd,"http://oecd.270a.info/dataset/"
visko,"http://trust.utep.edu/visko/ontology/visko-operator-v3.owl#"
water,"http://escience.rpi.edu/ontology/semanteco/2/0/water.owl#"
prf,"http://www.openmobilealliance.org/tech/profiles/UAPROF/ccppschema-20021212#"
vocab,"http://rdf.ontology2.com/vocab#"
puelia,"http://kwijibo.talis.com/vocabs/puelia#"
ecb,"http://ecb.270a.info/class/1.0/"
wp,"http://vocabularies.wikipathways.org/"
premis,"http://multimedialab.elis.ugent.be/users/samcoppe/ontologies/Premis/premis.owl#"
photoshop,"http://ns.adobe.com/photoshop/1.0/"
rdamedia,"http://rdvocab.info/termList/RDAMediaType/"
fos,"http://futurios.org/fos/spec/"
wfs,"http://schemas.opengis.net/wfs/"
onssprel,"http://www.ordnancesurvey.co.uk/ontology/SpatialRelations/v0.2/SpatialRelations.owl#"
l4lod,"http://ns.inria.fr/l4lod/v2/"
rdf123,"http://rdf123.umbc.edu/ns/"
webbox,"http://webbox.ecs.soton.ac.uk/ns#"
rlno,"http://rdflivenews.aksw.org/ontology/"
aigp,"http://swat.cse.lehigh.edu/resources/onto/aigp.owl#"
geofla,"http://data.ign.fr/ontologies/geofla#"
bm,"http://bio2rdf.org/"
stac,"http://securitytoolbox.appspot.com/stac#"
cro,"http://clirio.kaerle.com/clirio.owl#"
mime,"http://purl.org/NET/mediatypes/"
algo,"http://securitytoolbox.appspot.com/securityAlgorithms#"
swpatho,"http://swpatho.ag-nbi.de/context/meta.owl#"
italy,"http://data.kasabi.com/dataset/italy/schema/"
reve,"http://data.eurecom.fr/ontology/reve#"
sdmxa,"http://purl.org/linked-data/sdmx/2009/attribute#"
mil,"http://rdf.muninn-project.org/ontologies/military#"
pam,"http://prismstandard.org/namespaces/pam/2.0/"
finlaw,"http://purl.org/finlex/schema/laki/"
nsl,"http://purl.org/ontology/storyline/"
city,"http://datos.localidata.com/def/City#"
aos,"http://rdf.muninn-project.org/ontologies/appearances#"
gfo,"http://www.onto-med.de/ontologies/gfo.owl#"
geocontext,"http://www.geocontext.org/publ/2013/vocab#"
crv,"http://purl.org/twc/vocab/datacarver#"
httpm,"http://www.w3.org/2011/http-methods#"
stats,"http://purl.org/rdfstats/stats#"
w3po,"http://purl.org/provenance/w3p/w3po#"
wapp,"http://ns.rww.io/wapp#"
viskov,"http://trust.utep.edu/visko/ontology/visko-view-v3.owl#"
ecpo,"http://purl.org/ontology/ecpo#"
locwd,"http://purl.org/locwd/schema#"
dvia,"http://data.eurecom.fr/ontology/dvia#"
refe,"http://orion.tw.rpi.edu/~xgmatwc/refe/"
qvoc,"http://mlode.nlp2rdf.org/quranvocab#"
omn,"http://www.openmobilenetwork.org/resource/"
qud,"http://qudt.org/1.1/schema/qudt#"
rdacarrier,"http://rdvocab.info/termList/RDACarrierType/"
tblcard,"http://www.w3.org/People/Berners-Lee/card#"
vvo,"http://purl.org/vvo/ns#"
lh,"http://vocab.inf.ed.ac.uk/library/holdings#"
wkd,"http://schema.wolterskluwer.de/"
rlnr,"http://rdflivenews.aksw.org/resource/"
occult,"http://data.totl.net/occult/"
harrisons,"http://harrisons.cc/"
qrl,"http://www.aifb.kit.edu/project/ld-retriever/qrl#"
oj,"http://ontojob.at/"
cdtype,"http://purl.org/cld/cdtype/"
frbrer,"http://iflastandards.info/ns/fr/frbr/frbrer/"
poste,"http://data.lirmm.fr/ontologies/poste#"
frsad,"http://iflastandards.info/ns/fr/frsad/"
ssso,"http://purl.org/ontology/ssso#"
dbtont,"http://dbtropes.org/ont/"
ds,"http://purl.org/ctic/dcat#"
tr,"http://www.thomsonreuters.com/"
centrifuge,"http://purl.org/twc/vocab/centrifuge#"
wbc,"http://worldbank.270a.info/classification/"
won,"http://purl.org/webofneeds/model#"
odcs,"http://opendata.cz/infrastructure/odcleanstore/"
gndo,"http://d-nb.info/standards/elementset/gnd#"
up,"http://users.ugent.be/~tdenies/up/"
conf,"http://richard.cyganiak.de/2007/pubby/config.rdf#"
wsc,"http://www.openk.org/wscaim.owl#"
daisy,"http://www.daisy.org/z3998/2012/vocab/"
prolog,"http://eulersharp.sourceforge.net/2003/03swap/prolog#"
opl,"http://openlinksw.com/schema/attribution#"
fea,"http://vocab.data.gov/def/fea#"
vapour,"http://vapour.sourceforge.net/vocab.rdf#"
rdacontent,"http://rdvocab.info/termList/RDAContentType/"
pext,"http://www.ontotext.com/proton/protonext#"
roterms,"http://purl.org/wf4ever/roterms#"
strdf,"http://strdf.di.uoa.gr/ontology#"
zoomaterms,"http://rdf.ebi.ac.uk/vocabulary/zooma/"
amalgame,"http://purl.org/vocabularies/amalgame#"
wbp,"http://worldbank.270a.info/property/"
dbptmpl,"http://dbpedia.org/resource/Template:"
osr,"http://dati.senato.it/osr/"
cex,"http://purl.org/weso/computex/ontology#"
fincaselaw,"http://purl.org/finlex/schema/oikeus/"
viskoo,"http://trust.utep.edu/visko/ontology/visko-operator-v3.owl#"
csm,"http://purl.org/csm/1.0#"
wikidata,"http://www.wikidata.org/entity/"
dcm,"http://dcm.com/"
ebu,"http://semantic.eurobau.com/eurobau-utility.owl#"
bbc,"http://www.bbc.co.uk/ontologies/news/"
rdfdata,"http://rdf.data-vocabulary.org/rdf.xml#"
sdo,"http://salt.semanticauthoring.org/ontologies/sdo#"
pois,"http://purl.oclc.org/POIS/vcblr#"
radion,"http://www.w3.org/ns/radion#"
wiki,"http://en.wikipedia.org/wiki/"
pizza,"http://www.co-ode.org/ontologies/pizza/pizza.owl#"
ec,"http://eulergui.sourceforge.net/contacts.owl.n3#"
swperson,"http://data.semanticweb.org/person/"
cbase,"http://ontologycentral.com/2010/05/cb/vocab#"
saif,"http://wwwiti.cs.uni-magdeburg.de/~srahman/"
kbp,"http://tackbp.org/2013/ontology#"
sf,"http://www.opengis.net/ont/sf#"
worldbank,"http://worldbank.270a.info/dataset/"
wi,"http://purl.org/ontology/wi/core#"
roevo,"http://purl.org/wf4ever/roevo#"
prvt,"http://purl.org/net/provenance/types#"
rdarel,"http://rdvocab.info/RDARelationshipsWEMI/"
pkgsrc,"http://pkgsrc.co/schema#"
ludo,"http://vocab.ox.ac.uk/ludo#"
bsb,"http://lod.b3kat.de/title/"
ogbd,"http://www.ogbd.fr/2012/ontologie#"
xmp,"http://ns.adobe.com/xap/1.0/"
pubmed,"http://bio2rdf.org/pubmed_vocabulary:"
fcp,"http://www.newmedialab.at/fcp/"
osspr,"http://data.ordnancesurvey.co.uk/ontology/spatialrelations/"
mrel,"http://id.loc.gov/vocabulary/relators/"
wf4ever,"http://purl.org/wf4ever/wf4ever#"
namespaces,"https://vg.no/"
nyt,"http://data.nytimes.com/"
biotop,"http://purl.org/biotop/biotop.owl#"
bibframe,"http://bibframe.org/vocab/"
rdafrbr,"http://rdvocab.info/uri/schema/FRBRentitiesRDA/"
olad,"http://openlad.org/vocab#"
part,"http://purl.org/vocab/participation/schema#"
inno,"http://purl.org/innovation/ns#"
dbc,"http://dbpedia.org/resource/Category:"
particip,"http://purl.org/vocab/participation/schema#"
tvc,"http://www.essepuntato.it/2012/04/tvc/"
rdag1,"http://rdvocab.info/Elements/"
mads,"http://www.loc.gov/mads/rdf/v1#"
graffle,"http://purl.org/twc/vocab/vsr/graffle#"
ctorg,"http://purl.org/ctic/infraestructuras/organizacion#"
twaapi,"http://purl.org/twc/vocab/aapi-schema#"
dcndl,"http://ndl.go.jp/dcndl/terms/"
deo,"http://purl.org/spar/deo/"
infor,"http://www.ontologydesignpatterns.org/cp/owl/informationrealization.owl#"
lcy,"http://purl.org/vocab/lifecycle/schema#"
alchemy,"http://rdf.alchemyapi.com/rdf/v1/s/aapi-schema#"
camelot,"http://vocab.ox.ac.uk/camelot#"
who,"http://www.who.int/vocab/ontology#"
comm,"http://vocab.resc.info/communication#"
vrank,"http://purl.org/voc/vrank#"
api,"http://purl.org/linked-data/api/vocab#"
role,"http://purl.org/vocab/participation/schema#"
wlo,"http://purl.org/ontology/wo/"
iot,"http://www.linkedthings.com/iot/"
wsl,"http://www.wsmo.org/ns/wsmo-lite#"
mp,"http://jicamaro.info/mp#"
delta,"http://www.w3.org/2004/delta#"
gnvc,"http://purl.org/gc/"
archdesc,"http://archdesc.info/archEvent#"
gq,"http://genomequest.com/"
nidm,"http://nidm.nidash.org/"
icane,"http://www.icane.es/opendata/vocab#"
agls,"http://www.agls.gov.au/agls/terms/"
cb,"http://cbasewrap.ontologycentral.com/vocab#"
emotion,"http://ns.inria.fr/emoca#"
oliasystem,"http://purl.org/olia/system.owl#"
geod,"http://vocab.lenka.no/geo-deling#"
penis,"http://penis.to/#"
cosmo,"http://purl.org/ontology/cosmo#"
osadm,"http://data.ordnancesurvey.co.uk/ontology/admingeo/"
situ,"http://www.ontologydesignpatterns.org/cp/owl/situation.owl#"
paia,"http://purl.org/ontology/paia#"
ntag,"http://ns.inria.fr/nicetag/2010/09/09/voc#"
muldicat,"http://iflastandards.info/ns/muldicat#"
dqm,"http://purl.org/dqm-vocabulary/v1/dqm#"
scms,"http://ns.aksw.org/scms/annotations/"
ptop,"http://www.ontotext.com/proton/protontop#"
rdag3,"http://rdvocab.info/ElementsGr3/"
limoo,"http://purl.org/LiMo/0.1/"
moac,"http://observedchange.com/moac/ns#"
hlygt,"http://www.holygoat.co.uk/owl/redwood/0.1/tags/"
cold,"http://purl.org/configurationontology#"
viso,"http://purl.org/viso/"
ecos,"http://kmm.lboro.ac.uk/ecos/1.0#"
gvp,"http://vocab.getty.edu/ontology#"
emoca,"http://ns.inria.fr/emoca#"
mged,"http://mged.sourceforge.net/ontologies/MGEDOntology.owl#"
osgeom,"http://data.ordnancesurvey.co.uk/ontology/geometry/"
sdmxd,"http://purl.org/linked-data/sdmx/2009/dimension#"
dn,"http://purl.org/datanode/ns/"
pso,"http://purl.org/spar/pso/"
stream,"http://dbpedia.org/ontology/Stream/"
lmm1,"http://www.ontologydesignpatterns.org/ont/lmm/LMM_L1.owl#"
mocanal,"http://www.semanticweb.org/asow/ontologies/2013/9/untitled-ontology-36#"
xsi,"http://www.w3.org/2001/XMLSchema-instance#"
drm,"http://vocab.data.gov/def/drm#"
lmm2,"http://www.ontologydesignpatterns.org/ont/lmm/LMM_L2.owl#"
biro,"http://purl.org/spar/biro/"
csp,"http://vocab.deri.ie/csp#"
mvco,"http://purl.oclc.org/NET/mvco.owl#"
ox,"http://vocab.ox.ac.uk/projectfunding#"
meb,"http://rdf.myexperiment.org/ontologies/base/"
mds,"http://doc.metalex.eu/id/"
lexcz,"http://purl.org/lex/cz#"
doco,"http://purl.org/spar/doco/"
dl,"http://ontology.ip.rm.cnr.it/ontologies/DOLCE-Lite#"
te,"http://www.w3.org/2006/time-entry#"
ontopic,"http://www.ontologydesignpatterns.org/ont/dul/ontopic.owl#"
tsioc,"http://rdfs.org/sioc/types#"
geosp,"http://rdf.geospecies.org/ont/geospecies#"
dbt,"http://dbpedia.org/resource/Template:"
dr,"http://purl.org/swan/2.0/discourse-relationships/"
ostop,"http://www.ordnancesurvey.co.uk/ontology/Topography/v0.1/Topography.owl#"
dcoid,"http://dx.deepcarbon.net/"
odv,"http://reference.data.gov.uk/def/organogram/"
coun,"http://www.daml.org/2001/09/countries/iso-3166-ont#"
odapp,"http://vocab.deri.ie/odapp#"
tw,"http://tw.rpi.edu/schema/"
locn,"http://www.w3.org/ns/locn#"
gastro,"http://www.ebsemantics.net/gastro#"
passim,"http://data.lirmm.fr/ontologies/passim#"
iol,"http://www.ontologydesignpatterns.org/ont/dul/IOLite.owl#"
lsc,"http://linkedscience.org/lsc/ns#"
dbpr,"http://dbpedia.org/resource/"
emp,"http://purl.org/ctic/empleo/oferta#"
oecc,"http://www.oegov.org/core/owl/cc#"
quty,"http://www.telegraphis.net/ontology/measurement/quantity#"
itsmo,"http://ontology.it/itsmo/v1#"
ep,"http://eprints.org/ontology/"
graves,"http://rdf.muninn-project.org/ontologies/graves#"
turismo,"http://idi.fundacionctic.org/cruzar/turismo#"
raul,"http://vocab.deri.ie/raul#"
onyx,"http://www.gsi.dit.upm.es/ontologies/onyx/ns#"
oprovo,"http://openprovenance.org/ontology#"
om,"http://opendata.caceres.es/def/ontomunicipio#"
edgar,"http://edgarwrap.ontologycentral.com/vocab/edgar#"
accom,"http://purl.org/acco/ns#"
cpa,"http://www.ontologydesignpatterns.org/schemas/cpannotationschema.owl#"
pwo,"http://purl.org/spar/pwo/"
bwb,"http://doc.metalex.eu/bwb/ontology/"
obsm,"http://rdf.geospecies.org/methods/observationMethod#"
ordf,"http://purl.org/NET/ordf/"
lingvo,"http://www.lingvoj.org/ontology#"
purl,"http://purl.org/dc/terms/"
semio,"http://www.lingvoj.org/semio#"
elec,"http://purl.org/ctic/sector-publico/elecciones#"
tgn,"http://vocab.getty.edu/tgn/"
opmo,"http://openprovenance.org/model/opmo#"
gadm,"http://gadm.geovocab.org/ontology#"
msr,"http://www.telegraphis.net/ontology/measurement/measurement#"
ling,"http://purl.org/voc/ling/"
bihap,"http://bihap.kb.gov.tr/ontology/"
tao,"http://vocab.deri.ie/tao#"
tddo,"http://databugger.aksw.org/ns/core#"
dcite,"http://purl.org/spar/datacite/"
swpo,"http://sw-portal.deri.org/ontologies/swportal#"
xml,"http://www.w3.org/XML/1998/namespace/"
gnm,"http://www.geonames.org/ontology/mappings/"
odpart,"http://www.ontologydesignpatterns.org/cp/owl/participation.owl#"
coll,"http://purl.org/co/"
seq,"http://www.ontologydesignpatterns.org/cp/owl/sequence.owl#"
crsw,"http://courseware.rkbexplorer.com/ontologies/courseware#"
laabs,"http://dbpedia.org/resource/"
being,"http://purl.org/ontomedia/ext/common/being#"
rso,"http://www.researchspace.org/ontology/"
ecrm,"http://erlangen-crm.org/current/"
spt,"http://spitfire-project.eu/ontology/ns/"
snarm,"http://rdf.myexperiment.org/ontologies/snarm/"
tis,"http://www.ontologydesignpatterns.org/cp/owl/timeindexedsituation.owl#"
op,"http://environment.data.gov.au/def/op#"
trait,"http://contextus.net/ontology/ontomedia/ext/common/trait#"
rdaw,"http://rdaregistry.info/Elements/w/"
kai,"http://kai.uni-kiel.de/"
app,"http://jmvanel.free.fr/ontology/software_applications.n3#"
ulan,"http://vocab.getty.edu/ulan/"
opencyc,"http://sw.opencyc.org/concept/"
mt,"http://www.w3.org/2001/sw/DataAccess/tests/test-manifest#"
rdac,"http://rdaregistry.info/Elements/c/"
mm,"http://linkedmultimedia.org/sparql-mm/functions#"
gcis,"http://data.globalchange.gov/gcis.owl#"
ndl,"http://schemas.ogf.org/nml/2013/05/base#"
article,"http://ogp.me/ns/article#"
erce,"http://xxefe.de/"
od,"http://purl.org/twc/vocab/opendap#"
dbrc,"http://dbpedia.org/resource/Category:"
geop,"http://aims.fao.org/aos/geopolitical.owl#"
rdaa,"http://rdaregistry.info/Elements/a/"
cmd,"http://clarin.eu/cmd#"
asgv,"http://aims.fao.org/aos/agrovoc/"
lexinfo,"http://www.lexinfo.net/ontology/2.0/lexinfo#"
ftcontent,"http://www.ft.com/ontology/content/"
rdam,"http://rdaregistry.info/Elements/m/"
rdau,"http://rdaregistry.info/Elements/u/"
skos08,"http://www.w3.org/2008/05/skos#"
location,"http://sw.deri.org/2006/07/location/loc#"
eurlex,"http://eur-lex.publicdata.eu/ontology/"
li,"http://def.seegrid.csiro.au/isotc211/iso19115/2003/lineage#"
bk,"http://www.provbook.org/ns/#"
rdae,"http://rdaregistry.info/Elements/e/"
dbpedia2,"http://dbpedia.org/property/"
dpd,"http://www.kanzaki.com/ns/dpd#"
lfov,"https://w3id.org/legal_form#"
gaf,"http://groundedannotationframework.org/"
contsem,"http://contsem.unizar.es/def/sector-publico/contratacion#"
lime,"http://art.uniroma2.it/ontologies/lime#"
my,"http://www.mobile.com/model/"
pproc,"http://contsem.unizar.es/def/sector-publico/pproc#"
siocserv,"http://rdfs.org/sioc/services#"
provone,"http://purl.org/provone#"
vgo,"http://purl.org/net/VideoGameOntology#"
rdl,"http://data.posccaesar.org/rdl/"
defns,"http://www.openarchives.org/OAI/2.0/"
lda,"http://purl.org/linked-data/api/vocab#"
stanford,"http://purl.org/olia/stanford.owl#"
lexicon,"http://www.example.org/lexicon#"
csv,"http://vocab.sindice.net/csv/"
fao,"http://fao.270a.info/dataset/"
language,"http://id.loc.gov/vocabulary/iso639-1/"
cjr,"http://vocab.linkeddata.es/datosabiertos/def/urbanismo-infraestructuras/callejero#"
estrn,"http://vocab.linkeddata.es/datosabiertos/def/urbanismo-infraestructuras/transporte#"
evident,"http://purl.org/net/evident#"
esadm,"http://vocab.linkeddata.es/datosabiertos/def/sector-publico/territorio#"
metadata,"http://purl.oreilly.com/ns/meta/"
origins,"http://origins.link/"
videogame,"http://purl.org/net/vgo#"
call,"http://webofcode.org/wfn/call:"
onisep,"http://rdf.onisep.fr/resource/"
travel,"http://www.co-ode.org/roberts/travel.owl#"
mammal,"http://lod.taxonconcept.org/ontology/p01/Mammalia/index.owl#"
pco,"http://purl.org/procurement/public-contracts#"
odrl,"http://www.w3.org/ns/odrl/2/"
uri4uri,"http://uri4uri.net/vocab#"
soc,"http://purl.org/net/hdlipcores/ontology/soc#"
friends,"http://www.openarchives.org/OAI/2.0/friends/"
koly,"http://www.ensias.ma/"
mb,"http://dbtune.org/musicbrainz/resource/instrument/"
bco,"http://purl.obolibrary.org/obo/bco.owl#"
olac,"http://www.language-archives.org/OLAC/1.0/"
rdai,"http://rdaregistry.info/Elements/i/"
olac11,"http://www.language-archives.org/OLAC/1.1/"
employee,"http://www.employee.com/data#"
frb,"http://frb.270a.info/dataset/"
fbgeo,"http://rdf.freebase.com/ns/location/geocode/"
static,"http://vocab-ld.org/vocab/static-ld#"
estatwrap,"http://ontologycentral.com/2009/01/eurostat/ns#"
fp3,"http://vocab.fusepool.info/fp3#"
unspsc,"http://ontoview.org/schema/unspsc/1#"
kml,"http://www.opengis.net/kml/2.2#"
navm,"https://w3id.org/navigation_menu#"
geosparql,"http://www.opengis.net/ont/geosparql#"
oh,"http://semweb.mmlab.be/ns/oh#"
tavprov,"http://ns.taverna.org.uk/2012/tavernaprov/"
omdoc,"http://omdoc.org/ontology/"
agro,"http://agrinepaldata.com/vocab/"
lofv,"http://purl.org/legal_form/vocab#"
agrd,"http://agrinepaldata.com/"
diag,"http://www.loc.gov/zing/srw/diagnostic/"
jp1,"http://rdf.muninn-project.org/ontologies/jp1/"
ses,"http://lod.taxonconcept.org/ses/"
vext,"http://ldf.fi/void-ext#"
l2sp,"http://www.linked2safety-project.eu/properties/"
mmt,"http://linkedmultimedia.org/sparql-mm/functions/temporal#"
nxs,"http://www.neclimateus.org/"
openskos,"http://openskos.org/xmlns#"
spdx,"http://spdx.org/rdf/terms#"
sru,"http://www.loc.gov/zing/srw/"
naval,"http://rdf.muninn-project.org/ontologies/naval#"
pic,"http://www.ipaw.info/ns/picaso#"
babelnet,"http://babelnet.org/2.0/"
ll,"http://lodlaundromat.org/resource/"
irstea,"http://ontology.irstea.fr/"
sad,"http://vocab.deri.ie/sad#"
vin,"http://www.w3.org/TR/2003/PR-owl-guide-20031209/wine#"
wfn,"http://webofcode.org/wfn/"
cmdi,"http://www.clarin.eu/cmd/"
bag,"http://lod.geodan.nl/vocab/bag#"
msm,"http://iserve.kmi.open.ac.uk/ns/msm#"
odapps,"http://semweb.mmlab.be/ns/odapps#"
pvcs,"http://purl.org/twc/vocab/pvcs#"
ruto,"http://rdfunit.aksw.org/ns/core#"
oplacl,"http://www.openlinksw.com/ontology/acl#"
va,"http://code-research.eu/ontology/visual-analytics#"
irsteaont,"http://ontology.irstea.fr/weather/ontology#"
cl,"http://advene.org/ns/cinelab/"
topo,"http://data.ign.fr/def/topo#"
xslopm,"http://purl.org/net/opmv/types/xslt#"
opllic,"http://www.openlinksw.com/ontology/licenses#"
fcs,"http://clarin.eu/fcs/resource#"
shex,"http://www.w3.org/2013/ShEx/ns#"
cmdm,"http://infra.clarin.eu/cmd/"
dogont,"http://elite.polito.it/ontologies/dogont.owl#"
of,"http://owlrep.eu01.aws.af.cm/fridge#"
whisky,"http://vocab.org/whisky/terms/"
sro,"http://salt.semanticauthoring.org/ontologies/sro#"
fam,"http://vocab.fusepool.info/fam#"
llo,"http://lodlaundromat.org/ontology/"
abs,"http://abs.270a.info/dataset/"
imf,"http://imf.270a.info/dataset/"
wn30,"http://purl.org/vocabularies/princeton/wn30/"
dbug,"http://ontologi.es/doap-bugs#"
cdc,"http://www.contextdatacloud.org/resource/"
zr,"http://explain.z3950.org/dtd/2.0/"
pkm,"http://www.ontotext.com/proton/protonkm#"
rvl,"http://purl.org/rvl/"
vra,"http://simile.mit.edu/2003/10/ontologies/vraCore3#"
voidwh,"http://www.ics.forth.gr/isl/VoIDWarehouse/VoID_Extension_Schema.owl#"
geovoid,"http://purl.org/geovocamp/ontology/geovoid/"
trig,"http://www.w3.org/2004/03/trix/rdfg-1/"
voidext,"http://rdfs.org/ns/void-ext#"
oplres,"http://www.openlinksw.com/ontology/restrictions#"
esaloj,"http://vocab.linkeddata.es/datosabiertos/def/turismo/alojamiento#"
wikimedia,"http://upload.wikimedia.org/wikipedia/commons/f/f6/"
oplprod,"http://www.openlinksw.com/ontology/products#"
tm,"http://def.seegrid.csiro.au/isotc211/iso19108/2002/temporal#"
holding,"http://purl.org/ontology/holding#"
plo,"http://purl.org/net/po#"
physo,"http://merlin.phys.uni.lodz.pl/onto/physo/physo.owl#"
roadmap,"http://mappings.roadmap.org/"
fma,"http://sig.uw.edu/fma#"
vmm,"http://spi-fm.uca.es/spdef/models/genericTools/vmm/1.0#"
llm,"http://lodlaundromat.org/metrics/ontology/"
security,"http://securitytoolbox.appspot.com/securityMain#"
uis,"http://uis.270a.info/dataset/"
escjr,"http://vocab.linkeddata.es/datosabiertos/def/urbanismo-infraestructuras/callejero#"
ilap,"http://data.posccaesar.org/ilap/"
taxon,"http://purl.org/biodiversity/taxon/"
nerd,"http://nerd.eurecom.fr/ontology#"
wikim,"http://spi-fm.uca.es/spdef/models/genericTools/wikim/1.0#"
geos,"http://www.telegraphis.net/ontology/geography/geography#"
form,"http://deductions-software.com/ontologies/forms.owl.ttl#"
thors,"http://resource.geosciml.org/ontology/timescale/thors#"
qu,"http://purl.oclc.org/NET/ssnx/qu/qu#"
dq,"http://def.seegrid.csiro.au/isotc211/iso19115/2003/dataquality#"
scip,"http://lod.taxonconcept.org/ontology/sci_people.owl#"
sam,"http://def.seegrid.csiro.au/isotc211/iso19156/2011/sampling#"
bis,"http://bis.270a.info/dataset/"
tac,"http://ns.bergnet.org/tac/0.1/triple-access-control#"
spfood,"http://kmi.open.ac.uk/projects/smartproducts/ontologies/food.owl#"
smg,"http://ns.cerise-project.nl/energy/def/cim-smartgrid#"
gtfs,"http://vocab.gtfs.org/terms#"
psys,"http://www.ontotext.com/proton/protonsys#"
oils,"http://lemon-model.net/oils#"
lmf,"http://www.lexinfo.net/lmf#"
wro,"http://purl.org/net/wf4ever/ro#"
isocat,"http://www.isocat.org/datcat/"
reegle,"http://reegle.info/schema#"
stories,"http://purl.org/ontology/stories/"
scoro,"http://purl.org/spar/scoro/"
galaksiya,"http://ontoloji.galaksiya.com/vocab/"
rdag2,"http://rdvocab.info/ElementsGr2/"
ls,"http://linkedspending.aksw.org/instance/"
gf,"http://def.seegrid.csiro.au/isotc211/iso19109/2005/feature#"
sao,"http://salt.semanticauthoring.org/ontologies/sao#"
parl,"http://reference.data.gov.uk/def/parliament/"
ecc,"https://ns.eccenca.com/"
oan,"http://data.lirmm.fr/ontologies/oan/"
ext,"http://def.seegrid.csiro.au/isotc211/iso19115/2003/extent#"
ru,"http://purl.org/imbi/ru-meta.owl#"
ramon,"http://rdfdata.eionet.europa.eu/ramon/ontology/"
oplcb,"http://www.openlinksw.com/schemas/crunchbase#"
pnt,"http://data.press.net/ontology/tag/"
pattern,"http://www.essepuntato.it/2008/12/pattern#"
rdarel2,"http://metadataregistry.org/uri/schema/RDARelationshipsGR2/"
bmo,"http://collection.britishmuseum.org/id/ontology/"
bgn,"http://bibliograph.net/schemas/"
st,"http://semweb.mmlab.be/ns/stoptimes#"
basic,"http://def.seegrid.csiro.au/isotc211/iso19103/2005/basic#"
dicom,"http://purl.org/healthcarevocab/v1#"
hdo,"http://www.samos.gr/ontologies/helpdeskOnto.owl#"
sbench,"http://swat.cse.lehigh.edu/onto/univ-bench.owl#"
pnc,"http://data.press.net/ontology/classification/"
hr,"http://iserve.kmi.open.ac.uk/ns/hrests#"
gts,"http://resource.geosciml.org/ontology/timescale/gts#"
ebucore,"http://www.ebu.ch/metadata/ontologies/ebucore/ebucore#"
bbcprov,"http://www.bbc.co.uk/ontologies/provenance/"
spcm,"http://spi-fm.uca.es/spdef/models/deployment/spcm/1.0#"
pni,"http://data.press.net/ontology/identifier/"
citof,"http://www.essepuntato.it/2013/03/cito-functions#"
shw,"http://paul.staroch.name/thesis/SmartHomeWeather.owl#"
npdv,"http://sws.ifi.uio.no/vocab/npd#"
swpm,"http://spi-fm.uca.es/spdef/models/deployment/swpm/1.0#"
affymetrix,"http://bio2rdf.org/affymetrix_vocabulary:"
bevon,"http://rdfs.co/bevon/"
mico,"http://www.mico-project.eu/ns/platform/1.0/schema#"
mmf,"http://linkedmultimedia.org/sparql-mm/ns/1.0.0/function#"
gm,"http://def.seegrid.csiro.au/isotc211/iso19107/2003/geometry#"
oplcert,"http://www.openlinksw.com/schemas/cert#"
aws,"http://purl.oclc.org/NET/ssnx/meteo/aws#"
lso,"http://linkedspending.aksw.org/ontology/"
gpml,"http://vocabularies.wikipathways.org/gpml#"
bbccore,"http://www.bbc.co.uk/ontologies/coreconcepts/"
h2o,"http://def.seegrid.csiro.au/isotc211/iso19150/-2/2012/basic#"
locah,"http://data.archiveshub.ac.uk/def/"
doas,"http://deductions-software.com/ontologies/doas.owl.ttl#"
dcs,"http://ontologi.es/doap-changeset#"
keys,"http://purl.org/NET/c4dm/keys.owl#"
wn31,"http://wordnet-rdf.princeton.edu/wn31/"
ccrel,"http://creativecommons.org/ns#"
bbccms,"http://www.bbc.co.uk/ontologies/cms/"
maso,"http://securitytoolbox.appspot.com/MASO#"
ldr,"http://purl.oclc.org/NET/ldr/ns#"
ignf,"http://data.ign.fr/def/ignf#"
acrt,"http://privatealpha.com/ontology/certification/1#"
ic,"http://imi.ipa.go.jp/ns/core/210#"
limo,"http://www.purl.org/limo-ontology/limo#"
kegg,"http://bio2rdf.org/ns/kegg#"
loted,"http://loted.eu/ontology#"
lpeu,"http://purl.org/linkedpolitics/vocabulary/eu/plenary/"
mmd,"http://musicbrainz.org/ns/mmd-1.0#"
xlime,"http://xlime-project.org/vocab/"
odo,"http://ocean-data.org/schema/"
itm,"http://spi-fm.uca.es/spdef/models/genericTools/itm/1.0#"
oslo,"http://purl.org/oslo/ns/localgov#"
dannet,"http://www.wordnet.dk/owl/instance/2009/03/instances/"
oss,"http://opendata.caceres.es/def/ontosemanasanta#"
lio,"http://purl.org/net/lio#"
wno,"http://wordnet-rdf.princeton.edu/ontology#"
gov,"http://gov.genealogy.net/ontology.owl#"
hp,"http://pictogram.tokyo/vocabulary#"
oplmkt,"http://www.openlinksw.com/ontology/market#"
cpant,"http://purl.org/NET/cpan-uri/terms#"
deps,"http://ontologi.es/doap-deps#"
dsn,"http://purl.org/dsnotify/vocab/eventset/"
nex,"http://www.nexml.org/2009/"
lemonuby,"http://lemon-model.net/lexica/uby/"
lc,"http://www.linkedcode.org/2014/12/linkedcode#"
oad,"http://lod.xdams.org/reload/oad/"
oplecrm,"http://www.openlinksw.com/ontology/ecrm#"
odrs,"http://schema.theodi.org/odrs#"
rmo,"http://eatld.et.tu-dresden.de/rmo#"
dpc,"http://dpc.Data/"
religion,"http://rdf.muninn-project.org/ontologies/religion#"
olca,"http://www.lingvoj.org/olca#"
opengov,"http://www.w3.org/opengov#"
bibrm,"http://vocab.ub.uni-leipzig.de/bibrm/"
ontosec,"http://www.semanticweb.org/ontologies/2008/11/OntologySecurity.owl#"
gl,"http://schema.geolink.org/"
sakthi,"http://infotech.nitk.ac.in/research-scholars/sakthi-murugan-r/"
caplibacl,"http://schemas.capita-libraries.co.uk/2015/acl/schema#"
yo,"http://yovisto.com/"
oae,"http://www.ics.forth.gr/isl/oae/core#"
bv,"http://purl.org/vocommons/bv#"
bridge,"http://purl.org/vocommons/bridge#"
xcql,"http://docs.oasis-open.org/ns/search-ws/xcql#"
rvdata,"http://data.rvdata.us/"
clirio,"http://clirio.kaerle.com/clirio.owl#"
ldvm,"http://linked.opendata.cz/ontology/ldvm/"
ecglview,"http://schema.geolink.org/view/"
espresup,"http://vocab.linkeddata.es/datosabiertos/def/hacienda/presupuestos#"
vidont,"http://vidont.org/"
chembl,"http://rdf.ebi.ac.uk/terms/chembl#"
ecgl,"http://schema.geolink.org/"
onc,"http://www.ics.forth.gr/isl/oncm/core#"
ljkl,"http://teste.com/"
guo,"http://webr3.org/owl/guo#"
owsom,"https://onlinesocialmeasures.wordpress.com/"
xrd,"http://docs.oasis-open.org/ns/xri/xrd-1.0#"
bgdbp,"http://bg.dbpedia.org/property/"
pod,"https://project-open-data.cio.gov/v1.1/schema/#"
bgdbr,"http://bg.dbpedia.org/resource/"
wb,"http://data.worldbank.org/"
oboinowl,"http://www.geneontology.org/formats/oboInOwl#"
lcdr,"http://ns.lucid-project.org/revision/"
sh,"http://www.w3.org/ns/shacl#"
rdact,"http://rdaregistry.info/termList/RDACarrierType/"
rdabf,"http://rdaregistry.info/termList/bookFormat/"
rdaco,"http://rdaregistry.info/termList/RDAContentType/"
rdacct,"http://rdaregistry.info/termList/collTitle/"